{"Groceries": [{"amount": 50.0, "date": "2024-04-01"}, {"amount": 40.0, "date": "2024-04-07"}, {"amount": 45.0, "date": "2024-04-13"}], "Salary": [{"amount": 2000.0, "date": "2024-04-02"}, {"amount": 2200.0, "date": "2024-04-08"}, {"amount": 2400.0, "date": "2024-04-14"}], "Utilities": [{"amount": 100.0, "date": "2024-04-03"}, {"amount": 110.0, "date": "2024-04-09"}, {"amount": 120.0, "date": "2024-04-15"}], "Transport": [{"amount": 30.0, "date": "2024-04-04"}, {"amount": 35.0, "date": "2024-04-10"}], "Other Income": [{"amount": 300.0, "date": "2024-04-06"}, {"amount": 400.0, "date": "2024-04-12"}], "Other Expense": [{"amount": 25.0, "date": "2024-04-05"}, {"amount": 20.0, "date": "2024-04-11"}]}